{"cameraMode":{"drawMode":0,"name":"Shaded","section":"Shading Mode"},"sceneLighting":true,"audioPlay":false,"sceneViewState":{"showFog":true,"showMaterialUpdate":false,"showSkybox":false,"showFlares":true,"showImageEffects":true,"showParticleSystems":true},"in2DMode":false,"pivot":{"x":3.8448972702026369,"y":-1.3103723526000977,"z":3.6397998332977297},"rotation":{"x":-0.2535049319267273,"y":0.4651789665222168,"z":-0.14100141823291779,"w":-0.8363391160964966},"size":8.341653823852539,"orthographic":false}